{"cameraMode":{"drawMode":0,"name":"Shaded","section":"Shading Mode"},"sceneLighting":false,"audioPlay":false,"sceneViewState":{"m_AlwaysRefresh":false,"showFog":true,"showSkybox":false,"showFlares":true,"showImageEffects":true,"showParticleSystems":true,"showVisualEffectGraphs":true,"m_FxEnabled":true},"in2DMode":false,"pivot":{"x":-1.1920928955078126e-7,"y":-0.0019845962524414064,"z":5.960464477539063e-8},"rotation":{"x":-0.004098512697964907,"y":-0.734569251537323,"z":-0.004383225925266743,"w":0.6785756945610046},"size":3.2564642429351808,"orthographic":false}