{"cameraMode":{"drawMode":0,"name":"Shaded","section":"Shading Mode"},"sceneLighting":false,"audioPlay":false,"sceneViewState":{"m_AlwaysRefresh":false,"showFog":true,"showSkybox":false,"showFlares":true,"showImageEffects":true,"showParticleSystems":true,"showVisualEffectGraphs":true,"m_FxEnabled":true},"in2DMode":false,"pivot":{"x":-0.6642434000968933,"y":0.6830666661262512,"z":-0.9536800980567932},"rotation":{"x":0.07277340441942215,"y":0.3046475648880005,"z":-0.023346923291683198,"w":0.9494139552116394},"size":2.0230700969696047,"orthographic":false}