{"cameraMode":{"drawMode":0,"name":"Shaded","section":"Shading Mode"},"sceneLighting":false,"audioPlay":false,"sceneViewState":{"m_AlwaysRefresh":false,"showFog":true,"showSkybox":false,"showFlares":true,"showImageEffects":true,"showParticleSystems":true,"showVisualEffectGraphs":true,"m_FxEnabled":true},"in2DMode":false,"pivot":{"x":543.5472412109375,"y":1603.0712890625,"z":939.2615966796875},"rotation":{"x":0.0007885961676947773,"y":0.9998526573181152,"z":0.01474896539002657,"w":0.021786760538816453},"size":254.9509735107422,"orthographic":false}